protein_id,experimental_pI,theoretical_pI,sequence,split
P0ACU7-1,5.0,4.81,MQREDVLGEALKLLELQGIANTTLEMVAERVDYPLDELRRFWPDKEAILYDALRYLSQQIDVWRRQLMLDETQTAEQKLLARYQALSECVKNNRYPGCLFIAACTFYPDPGHPIHQLADQQKSAAYDFTHELLTTLEVDDPAMVAKQMELVLEGCLSRMLVNRSQADVDTAHRLAEDILRFARCRQGGALT,train
Q61171-1,5.1,5.11,MASGNAQIGKSAPDFTATAVVDGAFKEIKLSDYRGKYVVLFFYPLDFTFVCPTEIIAFSDHAEDFRKLGCEVLGVSVDSQFTHLAWINTPRKEGGLGPLNIPLLADVTKSLSQNYGVLKNDEGIAYRGLFIIDAKGVLRQITVNDLPVGRSVDEALRLVQAFQYTDEHGEVCPAGWKPGSDTIKPNVDDSKEYFSKHN,train
P23869-1,5.51,5.54,MVTFHTNHGDIVIKTFDDKAPETVKNFLDYCREGFYNNTIFHRVINGFMIQGGGFEPGMKQKATKEPIKNEANNGLKNTRGTLAMARTQAPHSATAQFFINVVDNDFLNFSGESLQGWGYCVFAEVVDGMDVVDKIKGVATGRSGMHQDVPKEDVIIESVTVSE,train
P99109-1,6.5,6.39,MVKVANKYAKALFDVSLDTNNLETINEELTVINEAVKDKIEQLKMVDSNPTQTAEQRRELINGVFTDINPYIKNMMYVLADNRHISLIADVFKAFQSLYNGHYNQDFATIESTYELSQEELDKIVKLVTQQTKLSKVIVDTKINPDLIGGFRVKVGTTVLDGSVRNDLVQLQRKFRRVN,train
P0AET2-1,4.92,5.79,MNISSLRKAFIFMGAVAALSLVNAQSALAANESAKDMTCQEFIDLNPKAMTPVAWWMLHEETVYKGGDTVTLNETDLTQIPKVIEYCKKNPQKNLYTFKNQASNDLPN,train
P01887-1,7.13,8.38,MARSVTLVFLVLVSLTGLYAIQKTPQIQVYSRHPPENGKPNILNCYVTQFHPPHIEIQMLKNGKKIPKVEMSDMSFSKDWSFYILAHTEFTPTETDTYACRVKHASMAEPKTVYWDRDM,train
P99157-1,4.92,5.0,MTVDNNKAKQAYDNQTGVNEKEREERQKQQEQNQEPQFKNKLTFSDEVVEKIAGIAAREVKGILDMKGGLTDTFTNAFSSGNNVTQGVSVEVGEKQAAVDLKVILEYGESAPKIFRKVTELVKEQVKYITGLDVVEVNMQVDDVMTQKEWKQKHEKNNENNNQERQGLQ,train
P0A7R1-1,5.96,6.4,MQVILLDKVANLGSLGDQVNVKAGYARNFLVPQGKAVPATKKNIEFFEARRAELEAKLAEVLAAANARAEKINALETVTIASKAGDEGKLFGSIGTRDIADAVTAAGVEVAKSEVRLPNGVLRTTGEHEVSFQVHSEVFAKVIVNVVAE,train
P04247-1,7.13,7.45,MGLSDGEWQLVLNVWGKVEADLAGHGQEVLIGLFKTHPETLDKFDKFKNLKSEEDMKGSEDLKKHGCTVLTALGTILKKKGQHAAEIQPLAQSHATKHKIPVKYLEFISEIIIEVLKKRHSGDFGADAQGAMSKALELFRNDIAAKYKELGFQG,train
P0A9M2-1,5.38,4.93,MKHTVEVMIPEAEIKARIAELGRQITERYKDSGSDMVLVGLLRGSFMFMADLCREVQVSHEVDFMTASSYGSGMSTTRDVKILKDLDEDIRGKDVLIVEDIIDSGNTLSKVREILSLREPKSLAICTLLDKPSRREVNVPVEFIGFSIPDEFVVGYGIDYAQRYRHLPYIGKVILLDE,train
P40185-1,6.89,9.57,MFLRNSVLRTAPVLRRGITTLTPVSTKLAPPAAASYSQAMKANNFVYVSGQIPYTPDNKPVQGSISEKAEQVFQNVKNILAESNSSLDNIVKVNVFLADMKNFAEFNSVYAKHFHTHKPARSCVGVASLPLNVDLEMEVIAVEKN,train
P99097-1,6.31,6.5,METIYDFVVETNKGVTYKLDAYKGDVMLIVNTASECGFTSQFEGLQSLYEKYKDQGFVILGFPCNQFGGQEPGSGEEAAQNCKLNYGVTFPMHQKIDVKGEHQLPLFRYLTAAQHGFFNEKIKWNFTKFLVDREGNVVKRFAPQKKPVQIEREIEKLL,train
P07741-1,5.39,5.79,MADSELQLVEQRIRSFPDFPTPGVVFRDISPVLKDPASFRAAIGLLARHLKATHGGRIDYIAGLDSRGFLFGPSLAQELGLGCVLIRKRGKLPGPTLWASYSLEYGKAELEIQKDALEPGQRVVVVDDLLATGGTMNAACELLGRLQAEVLECVSLVELTSLKGREKLAPVPFFSLLQYE,train
P00445-1,5.82,5.77,MVQAVAVLKGDAGVSGVVKFEQASESEPTTVSYEIAGNSPNAERGFHIHEFGDATNGCVSAGPHFNPFKKTHGAPTDEVRHVGDMGNVKTDENGVAKGSFKDSLIKLIGPTSVVGRSVVIHAGQDDLGKGDTEESLKTGNAGPRPACGVIGLTN,train
P68871-1,7.44,7.03,MVHLTPEEKSAVTALWGKVNVDEVGGEALGRLLVVYPWTQRFFESFGDLSTPDAVMGNPKVKAHGKKVLGAFSDGLAHLDNLKGTFATLSELHCDKLHVDPENFRLLGNVLVCVLAHHFGKEFTPPVQAAYQKVVAGVANALAHKYH,train
P09382-1,4.98,5.22,MACGLVASNLNLKPGECLRVRGEVAPDAKSFVLNLGKDSNNLCLHFNPRFNAHGDANTIVCNSKDGGAWGTEQREAVFPFQPGSVAEVCITFDQANLTVKLPDGYEFKFPNRLNLEAINYMAADGDFKIKCVAFD,train
P60595-1,5.24,5.29,MNVVILDTGCANLNSVKSAIARHGYEPKVSRDPDVVLLADKLFLPGVGTAQAAMDQVRERELFDLIKACTQPVLGICLGMQLLGRRSEESNGVDLLGIIDEDVPKMTDFGLPLPHMGWNRVYPQAGNRLFQGIEDGAYFYFVHSYAMPVNPWTIAQCNYGEPFTAAVQKDNFYGVQFHPERSGAAGAKLLKNFLEM,train
P11404-1,5.13,6.37,MADAFVGTWKLVDSKNFDDYMKSLGVGFATRQVASMTKPTTIIEKNGDTITIKTQSTFKNTEINFQLGIEFDEVTADDRKVKSLVTLDGGKLIHVQKWNGQETTLTRELVDGKLILTLTHGSVVSTRTYEKEA,train
Q99TF3-1,5.6,5.65,MITYKNILIAVDGSHEAEWAFNRAVGVAKRNDAKLTIVNVIDSRTYSSYEVYDAQFTEKSKHFAEELLNGYKEVATNAGVKDVETRLEFGSPKSIIPKKLAHEINADLIMSGTSGLNAVERFIVGSVSESIVRHAPCDVLVVRTEELPADFQPQVATTQLREKYQN,train
P0AC55-1,5.86,5.93,MKLVTVIIKPFKLEDVREALSSIGIQGLTVTEVKGFGRQKGHAELYRGAEYSVNFLPKVKIDVAIADDQLDEVIDIVSKAAYTGKIGDGKIFVAELQRVIRIRTGEADEAAL,train
P0AB55-1,5.29,5.12,MLYVIYAQDKADSLEKRLSVRPAHLARLQLLHDEGRLLTAGPMPAVDSNDPGAAGFTGSTVIAEFESLEAAQAWADADPYVAAGVYEHVSVKPFKKVF,train
P26447-1,5.57,5.88,MACPLEKALDVMVSTFHKYSGKEGDKFKLNKSELKELLTRELPSFLGKRTDEAAFQKLMSNLDSNRDNEVDFQEYCVFLSCIAMMCNEFFEGFPDKQPRKK,train
Q06830-1,7.55,7.98,MSSGNAKIGHPAPNFKATAVMPDGQFKDISLSDYKGKYVVFFFYPLDFTFVCPTEIIAFSDRAEEFKKLNCQVIGASVDSHFCHLAWVNTPKKQGGLGPMNIPLVSDPKRTIAQDYGVLKADEGISFRGLFIIDDKGILRQITVNDLPVGRSVDETLRLVQAFQFTDKHGEVCPAGWKPGSDTIKPDVQKSKEYFSKQK,train
P01942-1,8.05,8.24,MVLSGEDKSNIKAAWGKIGGHGAEYGAEALERMFASFPTTKTYFPHFDVSHGSAQVKGHGKKVADALASAAGHLDDLPGALSALSDLHAHKLRVDPVNFKLLSHCLLVTLASHHPADFTPAVHASLDKFLASVSTVLTSKYR,train
P0ADX9-1,6.04,6.1,MKKPNHSGSGQIRIIGGQWRGRKLPVPDSPGLRPTTDRVRETLFNWLAPVIVDAQCLDCFAGSGALGLEALSRYAAGATLIEMDRAVSQQLIKNLATLKAGNARVVNSNAMSFLAQKGTPHNIVFVDPPFRRGLLEETINLLEDNGWLADEALIYVESEVENGLPTVPANWSLHREKVAGQVAYRLYQREAQGESDAD,train
P0AEE1-1,4.5,4.96,MRNLVKYVGIGLLVMGLAACDDKDTNATAQGSVAESNATGNPVNLLDGKLSFSLPADMTDQSGKLGTQANNMHVWSDATGQKAVIVIMGDDPKEDLAVLAKRLEDQQRSRDPQLQVVTNKAIELKGHKMQQLDSIISAKGQTAYSSVILGNVGNQLLTMQITLPADDQQKAQTTAENIINTLVIQ,train
P37903-1,7.37,5.74,MNRTILVPIDISDSELTQRVISHVEEEAKIDDAEVHFLTVIPSLPYYASLGLAYSAELPAMDDLKAEAKSQLEEIIKKFKLPTDRVHVHVEEGSPKDRILELAKKIPAHMIIIASHRPDITTYLLGSNAAAVVRHAECSVLVVR,train
P0A862-1,4.97,4.6,MSQTVHFQGNPVTVANSIPQAGSKAQTFTLVAKDLSDVTLGQFAGKRKVLNIFPSIDTGVCAASVRKFNQLATEIDNTVVLCISADLPFAQSRFCGAEGLNNVITLSTFRNAEFLQAYGVAIADGPLKGLAARAVVVIDENDNVIFSQLVDEITTEPDYEAALAVLKA,train
P99025-1,6.32,6.03,MPYLLISTQIRMEVGPTMVGDEHSDPELMQHLGASKRSVLGNNFYEYYVNDPPRIVLDKLECKGFRVLSMTGVGQTLVWCLHKE,train
P69783-1,4.82,4.58,MGLFDKLKSLVSDDKKDTGTIEIIAPLSGEIVNIEDVPDVVFAEKIVGDGIAIKPTGNKMVAPVDGTIGKIFETNHAFSIESDSGVELFVHFGIDTVELKGEGFKRIAEEGQRVKVGDTVIEFDLPLLEEKAKSTLTPVVISNMDEIKELIKLSGSVTVGETPVIRIKK,train
P63028-1,4.83,4.61,MIIYRDLISHDELFSDIYKIREIADGLCLEVEGKMVSRTEGAIDDSLIGGNASAEGPEGEGTESTVVTGVDIVMNHHLQETSFTKEAYKKYIKDYMKSLKGKLEEQKPERVKPFMTGAAEQIKHILANFNNYQFFIGENMNPDGMVALLDYREDGVTPFMIFFKDGLEMEKC,train
P16643-1,5.38,5.62,MTDLKITLVNEDGESTISGKGHPLPAPLIFPPIYCFCFIQYKTEGKLWDKNDFQIKSGKIEFGGEEYDITESKGTWSKDDEENHIKVSLHLIVPPKKIFQKNF,train
P13857-1,5.42,6.04,MTETIKVSESLELHAVAENHVKPLYQLICKNKTWLQQSLNWPQFVQSEEDTRKTVQGNVMLHQRGYAKMFMIFKEDELIGVISFNRIEPLNKTAEIGYWLDESHQGQGIISQALQALIHHYAQSGELRRFVIKCRVDNPQSNQVALRNGFILEGCLKQAEFLNDAYDDVNLYARIIDSQ,train
P0A763-1,5.44,5.6,MAIERTFSIIKPNAVAKNVIGNIFARFEAAGFKIVGTKMLHLTVEQARGFYAEHDGKPFFDGLVEFMTSGPIVVSVLEGENAVQRHRDLLGATNPANALAGTLRADYADSLTENGTHGSDSVESAAREIAYFFGEGEVCPRTR,train
P0A7B8-1,5.93,6.17,MTTIVSVRRNGHVVIAGDGQATLGNTVMKGNVKKVRRLYNDKVIAGFAGGTADAFTLFELFERKLEMHQGHLVKAAVELAKDWRTDRMLRKLEALLAVADETASLIITGNGDVVQPENDLIAIGSGGPYAQAAARALLENTELSAREIAEKALDIAGDICIYTNHFHTIEELSYKA,train
P15520-1,6.55,5.65,MNIRNSLILIISTILFFSIINGSLSLDPTCVGAPDGQVYLFSSWDFKGDRYVYNVSQGYLSLSDGFRGNVQSFISGADVCFVKWYPIEQYQITAGESHRNYAALTNFGQRMDAIIPGNCSNIVCSPK,train
P0ADE6-1,5.7,5.75,MGLFNFVKDAGEKLWDAVTGQHDKDDQAKKVQEHLNKTGIPDADKVNIQIADGKATVTGDGLSQEAKEKILVAVGNISGIASVDDQVKTATPATASQFYTVKSGDTLSAISKQVYGNANLYNKIFEANKPMLKSPDKIYPGQVLRIPEE,train
P52760-1,9.08,8.8,MSSIIRKVISTTKAPAAIGPYSQAVQVDRTIYISGQVGLDPSSGQLVPGGVVEEAKQALKNLGEILKAAGCDFNNVVKTTVLLADMNDFGTVNEIYKTYFQGSLPARAAYQVAALPRGSRVEIEAIAVQGPFIKA,train
P0AF03-1,4.84,4.8,MNTLRIGLVSISDRASSGVYQDKGIPALEEWLTSALTTPFELETRLIPDEQAIIEQTLCELVDEMSCHLVLTTGGTGPARRDVTPDATLAVADREMPGFGEQMRQISLHFVPTAILSRQVGVIRKQALILNLPGQPKSIKETLEGVKDAEGNVVVHGIFASVPYCIQLLEGPYVETAPEVVAAFRPKSARRDVSE,train
P05976-1,5.09,4.83,MAPKKDVKKPVAAAAAAPAPAPAPAPAPAPAKPKEEKIDLSAIKIEFSKEQQDEFKEAFLLFDRTGDSKITLSQVGDVLRALGTNPTNAEVRKVLGNPSNEELNAKKIEFEQFLPMMQAISNNKDQATYEDFVEGLRVFDKEGNGTVMGAELRHVLATLGEKMKEEEVEALMAGQEDSNGCINYEAFVKHIMSI,train
P0AFG0-1,5.92,6.63,MSEAPKKRWYVVQAFSGFEGRVATSLREHIKLHNMEDLFGEVMVPTEEVVEIRGGQRRKSERKFFPGYVLVQMVMNDASWHLVRSVPRVMGFIGGTSDRPAPISDKEVDAIMNRLQQVGDKPRPKTLFEPGEMVRVNDGPFADFNGVVEEVDYEKSRLKVSVSIFGRATPVELDFSQVEKA,train
P99066-1,4.83,4.6,MISVNDFKTGLTISVDNAIWKVIDFQHVKPGKGSAFVRSKLRNLRTGAIQEKTFRAGEKVEPAMIENRRMQYLYADGDNHVFMDNESFEQTELSSDYLKEELNYLKEGMEVQIQTYEGETIGVELPKTVELTVTETEPGIKGDTATGATKSATVETGYTLNVPLFVNEGDVLIINTGDGSYISRG,train
P63020-1,4.84,4.37,MIRISDAAQAHFAKLLANQEEGTQIRVFVINPGTPNAECGVSYCPPDAVEATDTALKFDLLTAYVDELSAPYLEDAEIDFVTDQLGSQLTLKAPNAKMRKVADDAPLMERVEYMLQSQINPQLAGHGGRVSLMEITEDGYAILQFGGGCNGCSMVDVTLKEGIEKQLLNEFPELKGVRDLTEHQRGEHSYY,train
P32119-1,5.47,5.7,MASGNARIGKPAPDFKATAVVDGAFKEVKLSDYKGKYVVLFFYPLDFTFVCPTEIIAFSNRAEDFRKLGCEVLGVSVDSQFTHLAWINTPRKEGGLGPLNIPLLADVTRRLSEDYGVLKTDEGIAYRGLFIIDGKGVLRQITVNDLPVGRSVDEALRLVQAFQYTDEHGEVCPAGWKPGSDTIKPNVDDSKEYFSKHN,train
Q99VM3-1,5.11,5.03,MIRFEIHGDNLTITDAIRNYIEEKIGKLERYFNDVPNAVAHVKVKTYSNSATKIEVTIPLKNVTLRAEERNDDLYAGIDLINNKLERQVRKYKTRINRKSRDRGDQEVFVAELQEMQETQVDNDAYDDNEIEIIRSKEFSLKPMDSEEAVLQMNLLGHDFFVFTDRETDGTSIVYRRKDGKYGLIQTSEQ,train
P0A7A9-1,5.02,4.9,MSLLNVPAGKDLPEDIYVVIEIPANADPIKYEIDKESGALFVDRFMSTAMFYPCNYGYINHTLSLDGDPVDVLVPTPYPLQPGSVIRCRPVGVLKMTDEAGEDAKLVAVPHSKLSKEYDHIKDVNDLPELLKAQIAHFFEHYKDLEKGKWVKVEGWENAEAAKAEIVASFERAKNK,train
P30049-1,4.43,5.29,MLPAALLRRPGLGRLVRHARAYAEAAAAPAAASGPNQMSFTFASPTQVFFNGANVRQVDVPTLTGAFGILAAHVPTLQVLRPGLVVVHAEDGTTSKYFVSSGSIAVNADSSVQLLAEEAVTLDMLDLGAAKANLEKAQAELVGTADEATRAEIQIRIEANEALVKALE,train
P0A7N1-1,8.3,9.56,MKPNIHPEYRTVVFHDTSVDEYFKIGSTIKTDREIELDGVTYPYVTIDVSSKSHPFYTGKLRTVASEGNVARFTQRFGRFVSTKKGA,train
P0A9Y6-1,6.71,7.23,MAKIKGQVKWFNESKGFGFITPADGSKDVFVHFSAIQGNGFKTLAEGQNVEFEIQDGQKGPAAVNVTAI,train
P38936-1,7.47,8.17,MSEPAGDVRQNPCGSKACRRLFGPVDSEQLSRDCDALMAGCIQEARERWNFDFVTETPLEGDFAWERVRGLGLPKLYLPTGPRRGRDELGGGRRPGTSPALLQGTAEEDHVDLSLSCTLVPRSGEQAEGSPGGPGDSQGRKRRQTSMTDFYHSKRRLIFSKRKP,train
P76002-1,9.23,9.77,MKIKSIRKAVLLLALLTSTSFAAGKNVNVEFRKGHSSAQYSGEIKGYDYDTYTFYAKKGQKVHVSISNEGADTYLFGPGIDDSVDLSRYSPELDSHGQYSLPASGKYELRVLQTRNDARKNKTKKYNVDIQIK,train
P0AGE0-1,5.44,5.36,MASRGVNKVILVGNLGQDPEVRYMPNGGAVANITLATSESWRDKATGEMKEQTEWHRVVLFGKLAEVASEYLRKGSQVYIEGQLRTRKWTDQSGQDRYTTEVVVNVGGTMQMLGGRQGGGAPAGGNIGGGQPQGGWGQPQQPQGGNQFSGGAQSRPQQSAPAAPSNEPPMDFDDDIPF,train
P99156-1,4.48,4.37,MENQKQYPMTQEGFEKLERELEELKTVKRPEVVEKIKVARSFGDLSENSEYDAAKDEQGFIEQDIQRIEHMLRNALIIEDTGDNNVVKIGKTVTFVELPGDEEESYQIVGSAESDAFNGKISNESPMAKALIGKGLDDEVRVPLPNGGEMNVKIVNIQ,train
P0A8Q6-1,5.4,4.8,MGKTNDWLDFDQLAEEKVRDALKPPSMYKVILVNDDYTPMEFVIDVLQKFFSYDVERATQLMLAVHYQGKAICGVFTAEVAETKVAMVNKYARENEHPLLCTLEKA,train
P0A9A9-1,5.78,5.87,MTDNNTALKKAGLKVTLPRLKILEVLQEPDNHHVSAEDLYKRLIDMGEEIGLATVYRVLNQFDDAGIVTRHNFEGGKSVFELTQQHHHDHLICLDCGKVIEFSDDSIEARQREIAAKHGIRLTNHSLYLYGHCAEGDCREDEHAHEGK,train
P0A9M5-1,5.33,5.58,MSEKYIVTWDMLQIHARKLASRLMPSEQWKGIIAVSRGGLVPGALLARELGIRHVDTVCISSYDHDNQRELKVLKRAEGDGEGFIVIDDLVDTGGTAVAIREMYPKAHFVTIFAKPAGRPLVDDYVVDIPQDTWIEQPWDMGVVFVPPISGR,train
O15511-1,5.44,5.39,MSKNTVSSARFRKVDVDEYDENKFVDEEDGGDGQAGPDEGEVDSCLRQGNMTAALQAALKNPPINTKSQAVKDRAGSIVLKVLISFKANDIEKAVQSLDKNGVDLLMKYIYKGFESPSDNSSAMLLQWHEKALAAGGVGSIVRVLTARKTV,train
P0DJ27-1,5.44,6.25,MSSGIALAPNCVSTFNDLKLGRKYGGIIYRISDDSKEIIVDSTLPAGCSFDEFTKCLPENECRYVVLDYQYKEEGAQKSKICFVAWCPDTANIKKKMMATSSKDSLRKACVGIQVEIQGTDASEVKDSCFYEKCTKI,train
P68919-1,10.61,9.96,MFTINAEVRKEQGKGASRRLRAANKFPAIIYGGKEAPLAIELDHDKVMNMQAKAEFYSEVLTIVVDGKEIKVKAQDVQRHPYKPKLQHIDFVRA,train
P0A6F9-1,5.18,5.03,MNIRPLHDRVIVKRKEVETKSAGGIVLTGSAAAKSTRGEVLAVGNGRILENGEVKPLDVKVGDIVIFNDGYGVKSEKIDNEEVLIMSESDILAIVEA,train
P09402-1,4.63,4.41,MSASADQIQECFSIFDKDNDGKVSVEDIGACLRSLGKSPTMADIEALKTEIGAKEFDINTLKSIYKKPNIKTPQEQQKEMLDAFKALDKEGHGTIQGAELRQLLTTLGDYLSTAEVDELFKEISVDSTTGAVSYASLVNTIVSGYPLGGF,train
P0AD49-1,6.16,6.48,MTMNITSKQMEITPAIRQHVADRLAKLEKWQTHLINPHIILSKEPQGFVADATINTPNGVLVASGKHEDMYTAINELINKLERQLNKLQHKGEARRAATSVKDANFVEEVEEE,train
P11589-1,4.87,4.89,MKMLLLLCLGLTLVCVHAEEASSTGRNFNVEKINGEWHTIILASDKREKIEDNGNFRLFLEQIHVLEKSLVLKFHTVRDEECSELSMVADKTEKAGEYSVTYDGFNTFTIPKTDYDNFLMAHLINEKDGETFQLMGLYGREPDLSSDIKERFAKLCEEHGILRENIIDLSNANRCLQARE,train
P63208-1,4.21,4.23,MPSIKLQSSDGEIFEVDVEIAKQSVTIKTMLEDLGMDDEGDDDPVPLPNVNAAILKKVIQWCTHHKDDPPPPEDDENKEKRTDDIPVWDQEFLKVDQGTLFELILAANYLDIKGLLDVTCKTVANMIKGKTPEEIRKTFNIKNDFTEEEEAQVRKENQWCEEK,train
P76270-1,4.88,4.5,MNKTEFYADLNRDFNALMAGETSFLATLANTSALLYERLTDINWAGFYLLEDDTLVLGPFQGKIACVRIPVGRGVCGTAVARNQVQRIEDVHVFDGHIACDAASNSEIVLPLVVKNQIIGVLDIDSTVFGRFTDEDEQGLRQLVAQLEKVLATTDYKKFFASVAG,train
P0A7G2-1,5.89,6.01,MAKEFGRPQRVAQEMQKEIALILQREIKDPRLGMMTTVSGVEMSRDLAYAKVYVTFLNDKDEDAVKAGIKALQEASGFIRSLLGKAMRLRIVPELTFFYDNSLVEGMRMSNLVTSVVKHDEERRVNPDDSKED,train
Q7A4R2-1,4.93,4.49,MLSKNLLEALNDQMNHEYFAAHAYMAMAAYCDKESYEGFANFFIQQAKEERFHGQKIYNYINDRGAHAEFRAVSAPKIDFSSILETFKDSLSQEQEVTRRFYNLSEIARQDKDYATISFLNWFLDEQVEEESMFETHINYLTRIGDDSNALYLYEKELGARTFDEE,train
P0A8G6-1,5.5,5.66,MAKVLVLYYSMYGHIETMARAVAEGASKVDGAEVVVKRVPETMPPQLFEKAGGKTQTAPVATPQELADYDAIIFGTPTRFGNMSGQMRTFLDQTGGLWASGALYGKLASVFSSTGTGGGQEQTITSTWTTLAHHGMVIVPIGYAAQELFDVSQVRGGTPYGATTIAGGDGSRQPSQEELSIARYQGEYVAGLAVKLNG,train
P39177-1,6.17,6.3,MYKTIIMPVDVFEMELSDKAVRHAEFLAQDDGVIHLLHVLPGSASLSLHRFAADVRRFEEHLQHEAQERLQTMVSHFTIDPSRIKQHVRFGSVRDEVNELAEELGADVVVIGSRNPSISTHLLGSNASSVIRHANLPVLVVR,train
P69905-1,9.05,8.89,MVLSPADKTNVKAAWGKVGAHAGEYGAEALERMFLSFPTTKTYFPHFDLSHGSAQVKGHGKKVADALTNAVAHVDDMPNALSALSDLHAHKLRVDPVNFKLLSHCLLVTLAAHLPAEFTPAVHASLDKFLASVSTVLTSKYR,train
P16642-1,4.88,4.6,MVDLKITLVNEDGESTISGKGHPLPAPLIFPPIYIFRFTQYQTEGKLWDKNEFQIKSGKIEFDGEEYDIPESKGTWSKDDEENAIDVNLHLFRPPEKFFPKN,train
P0ABA0-1,5.53,6.04,MNLNATILGQAIAFVLFVLFCMKYVWPPLMAAIEKRQKEIADGLASAERAHKDLDLAKASATDQLKKAKAEAQVIIEQANKRRSQILDEAKAEAEQERTKIVAQAQAEIEAERKRAREELRKQVAILAVAGAEKIIERSVDEAANSDIVDKLVAEL,train
Q9Z0F7-1,4.85,4.5,MDVFKKGFSIAKEGVVGAVEKTKQGVTEAAEKTKEGVMYVGTKTKENVVQSVTSVAEKTKEQANAVSEAVVSSVNTVANKTVEEAENIVVTTGVVRKEDLEPPAQDQEAKEQEENEEAKSGED,train
P60903-1,8.02,7.15,MPSQMEHAMETMMFTFHKFAGDKGYLTKEDLRVLMEKEFPGFLENQKDPLAVDKIMKDLDQCRDGKVGFQSFFSLIAGLTIACNDYFVVHMKQKGKK,train
Q99WA5-1,4.94,4.48,MKVTDVRLRKIQTDGRMKALVSITLDEAFVIHDLRVIEGNSGLFVAMPSKRTPDGEFRDIAHPINSDMRQEIQDAVMKVYDETDEVVPDKNATSEDSEEA,train
P56395-1,4.83,4.82,MAGQSDKDVKYYTLEEIQKHKDSKSTWVILHHKVYDLTKFLEEHPGGEEVLREQAGGDATENFEDVGHSTDARELSKTYIIGELHPDDRSKIAKPSDTLITTVESNSSWWTNWVIPAISALAVALMYRLYMAED,train
P0AD59-1,5.4,6.51,MGRISSGGMMFKAITTVAALVIATSAMAQDDLTISSLAKGETTKAAFNQMVQGHKLPAWVMKGGTYTPAQTVTLGDETYQVMSACKPHDCGSQRIAVMWSEKSNQMTGLFSTIDEKTSQEKLTWLNVNDALSIDGKTVLFAALTGSLENHPDGFNFK,train
Q9Y2S0-1,5.65,5.59,MEEDQELERKISGLKTSMAEGERKTALEMVQAAGTDRHCVTFVLHEEDHTLGNSLRYMIMKNPEVEFCGYTTTHPSESKINLRIQTRGTLPAVEPFQRGLNELMNVCQHVLDKFEASIKDYKDQKASRNESTF,train
P39207-1,6.19,6.55,MEQTFIMIKPDGVQRGLIGEVICRFEKKGFTLKGLKLISVERSFAEKHYEDLSSKSFFSGLVDYIVSGPVVAMIWEGKNVVLTGRKIIGATNPAASEPGTIRGDFAIDIGRNVIHGSDSVESARKEIALWFPDGPVNWQSSVHPWVYET,train
P0AE52-1,5.01,4.92,MNPLKAGDIAPKFSLPDQDGEQVNLTDFQGQRVLVYFYPKAMTPGCTVQACGLRDNMDELKKAGVDVLGISTDKPEKLSRFAEKELLNFTLLSDEDHQVCEQFGVWGEKSFMGKTYDGIHRISFLIDADGKIEHVFDDFKTSNHHDVVLNWLKEHA,train
P0A8P3-1,5.46,6.1,MSRTIFCTFLQREAEGQDFQLYPGELGKRIYNEISKEAWAQWQHKQTMLINEKKLNMMNAEHRKLLEQEMVNFLFEGKEVHIEGYTPEDKK,train
P0ABS1-1,4.99,4.92,MQEGQNRKTSSLSILAIAGVEPYQEKPGEEYMNEAQLAHFRRILEAWRNQLRDEVDRTVTHMQDEAANFPDPVDRAAQEEEFSLELRNRDRERKLIKKIEKTLKKVEDEDFGYCESCGVEIGIRRLEARPTADLCIDCKTLAEIREKQMAG,train
P99098-1,5.01,4.98,MAFELPKLPYAFDALEPHFDKETMEIHHDRHHNTYVTKLNAAVEGTDLESKSIEEIVANLDSVPANIQTAVRNNGGGHLNHSLFWELLSPNSEEKGTVVEKIKEQWGSLEEFKKEFADKAAARFGSGWAWLVVNNGQLEIVTTPNQDNPLTEGKTPILGLDVWEHAYYLKYQNKRPDYIGAFWNVVNWEKVDELYNATK,train
P61769-1,6.53,6.27,MSRSVALAVLALLSLSGLEAIQRTPKIQVYSRHPAENGKSNFLNCYVSGFHPSDIEVDLLKNGERIEKVEHSDLSFSKDWSFYLLYYTEFTPTEKDEYACRVNHVTLSQPKIVKWDRDM,train
P0ACF8-1,5.21,5.3,MSEALKILNNIRTLRAQARECTLETLEEMLEKLEVVVNERREEESAAAAEVEERTRKLQQYREMLIADGIDPNELLNSLAAVKSGTKAKRAQRPAKYSYVDENGETKTWTGQGRTPAVIKKAMDEQGKSLDDFLIKQ,train
P0AG18-1,6.05,6.31,MSSRNNPARVAIVMGSKSDWATMQFAAEIFEILNVPHHVEVVSAHRTPDKLFSFAESAEENGYQVIIAGAGGAAHLPGMIAAKTLVPVLGVPVQSAALSGVDSLYSIVQMPRGIPVGTLAIGKAGAANAALLAAQILATHDKELHQRLNDWRKAQTDEVLENPDPRGAA,train
P99104-1,4.83,4.73,MLKPIGNRVIIEKKEQEQTTKSGIVLTDSAKEKSNEGVIVAVGTGRLLNDGTRVTPEVKEGDRVVFQQYAGTEVKRDNETYLVLNEEDILAVIE,train
P99074-1,4.83,4.74,MSLINKEILPFTAQAFDPKKDQFKEVTQEDLKGSWSVVCFYPADFSFVCPTELEDLQNQYEELQKLGVNVFSVSTDTHFVHKAWHDHSDAISKITYTMIGDPSQTITRNFDVLDEATGLAQRGTFIIDPDGVVQASEINADGIGRDASTLAHKIKAAQYVRKNPGEVCPAKWEEGAKTLQPGLDLVGKI,train
P09372-1,4.68,4.53,MSSKEQKTPEGQAPEEIIMDQHEEIEAVEPEASAEQVDPRDEKVANLEAQLAEAQTRERDGILRVKAEMENLRRRTELDIEKAHKFALEKFINELLPVIDSLDRALEVADKANPDMSAMVEGIELTLKSMLDVVRKFGVEVIAETNVPLDPNVHQAIAMVESDDVAPGNVLGIMQKGYTLNGRTIRAAMVTVAKAKA,train
P99146-1,4.35,4.41,MTEITFKGGPIHLKGQQINEGDFAPDFTVLDNDLNQVTLADYAGKKKLISVVPSIDTGVCDQQTRKFNSEASKEEGIVLTISADLPFAQKRWCASAGLDNVITLSDHRDLSFGENYGVVMEELRLLARAVFVLDVDNKVVYKEIVSEGTDFPDFDAALAAYKNI,train
P62204-1,4.08,3.91,MADQLTEEQIAEFKEAFSLFDKDGDGTITTKELGTVMRSLGQNPTEAELQDMINEVDADGNGTIDFPEFLTMMARKMKDTDSEEEIREAFRVFDKDGNGYISAAELRHVMTNLGEKLTDEEVDEMIREADIDGDGQVNYEEFVQMMTAK,train
P0C054-1,5.63,5.64,MRNFDLSPLYRSAIGFDRLFNHLENNQSQSNGGYPPYNVELVDENHYRIAIAVAGFAESELEITAQDNLLVVKGAHADEQKERTYLYQGIAERNFERKFQLAENIHVRGANLVNGLLYIDLERVIPEAKKPRRIEIN,train
Q99V77-1,4.92,4.74,MILGLALIPSKSFQEAVDSYRKRYDKQYSRIKPHVTIKAPFEIEDGDLDSVIEQVRARINGIPAVEVHATKASSFKPTNNVIYFKVAKTDDLEELFNRFNGEDFYGEAEHVFVPHFTIAQGLSSQEFEDIFGQVALAGVDHKEIIDELTLLRFDDDEDKWKVIETFKLA,train
Q7A782-1,5.76,5.91,MKGLIIIGSAQVNSHTSALARYLTEHFKTHDIEAEIFDLAEKPLNQLDFSGTTPSIDEIKQNMKDLKEKAMAADFLILGTPNYHGSYSGILKNALDHLNMDYFKMKPVGLIGNSGGIVSSEPLSHLRVIVRSLLGIAVPTQIATHDSDFAKNEDGSYYLNDSEFQLRARLFVDQIVSFVNNSPYEHLK,train
P0AFZ3-1,5.01,4.21,MDLSQLTPRRPYLLRAFYEWLLDNQLTPHLVVDVTLPGVQVPMEYARDGQIVLNIAPRAVGNLELANDEVRFNARFGGIPRQVSVPLAAVLAIYARENGAGTMFEPEAAYDEDTSIMNDEEASADNETVMSVIDGDKPDHDDDTHPDDEPPQPPRGGRPALRVVK,train
P05090-1,4.54,4.93,MVMLLLLLSALAGLFGAAEGQAFHLGKCPNPPVQENFDVNKYLGRWYEIEKIPTTFENGRCIQANYSLMENGKIKVLNQELRADGTVNQIEGEATPVNLTEPAKLEVKFSWFMPSAPYWILATDYENYALVYSCTCIIQLFHVDFAWILARNPNLPPETVDSLKNILTSNNIDVKKMTVTDQVNCPKLS,train
P32848-1,5.37,4.88,MSMTDVLSAEDIKKAIGAFAAADSFDHKKFFQMVGLKKKNPDEVKKVFHILDKDKSGFIEEDELGSILKGFSSDARDLSAKETKTLLAAGDKDGDGKIGVEEFSTLVAES,train
P61714-1,5.17,5.05,MNIIEANVATPDARVAITIARFNNFINDSLLEGAIDALKRIGQVKDENITVVWVPGAYELPLAAGALAKTGKYDAVIALGTVIRGGTAHFEYVAGGASNGLAHVAQDSEIPVAFGVLTTESIEQAIERAGTKAGNKGAEAALTALEMINVLKAIKA,train
P62937-1,7.23,7.63,MVNPTVFFDIAVDGEPLGRVSFELFADKVPKTAENFRALSTGEKGFGYKGSCFHRIIPGFMCQGGDFTRHNGTGGKSIYGEKFEDENFILKHTGPGILSMANAGPNTNGSQFFICTAKTEWLDGKHVVFGKVKEGMNIVEAMERFGSRNGKTSKKITIADCGQLE,train
P12787-1,5.04,6.26,MLAAALRRCTAAAAARGLLHPASAPSPAAAVCSIRCYSHGSHETDEEFDARWVTYFNKPDIDAWELRKGMNTLVGYDLVPEPKIIDAALRACRRLNDFASAVRILEVVKDKAGPHKEIYPYVIQELRPTLNELGISTPEELGLDKV,train
P02762-1,4.81,4.72,MKMLLLLCLGLTLVCVHAEEASSTGRNFNVEKINGEWHTIILASDKREKIEDNGNFRLFLEQIHVLENSLVLKFHTVRDEECSELSMVADKTEKAGEYSVTYDGFNTFTIPKTDYDNFLMAHLINEKDGETFQLMGLYGREPDLSSDIKERFAQLCEEHGILRENIIDLSNANRCLQARE,train
P0A917-1,5.2,6.94,MKKIACLSALAAVLAFTAGTSVAATSTVTGGYAQSDAQGQMNKMGGFNLKYRYEEDNSPLGVIGSFTYTEKSRTASSGDYNKNQYYGITAGPAYRINDWASIYGVVGVGYGKFQTTEYPTYKHDTSDYGFSYGAGLQFNPMENVALDFSYEQSRIRSVDVGTWIAGVGYRF,train
P30085-1,5.41,5.32,MKPLVVFVLGGPGAGKGTQCARIVEKYGYTHLSAGELLRDERKNPDSQYGELIEKYIKEGKIVPVEITISLLKREMDQTMAANAQKNKFLIDGFPRNQDNLQGWNKTMDGKADVSFVLFFDCNNEICIERCLERGKSSGRSDDNRESLEKRIQTYLQSTKPIIDLYEEMGKVKKIDASKSVDEVFDEVVQIFDKEG,train
P06968-1,5.06,4.93,MKKIDVKILDPRVGKEFPLPTYATSGSAGLDLRACLNDAVELAPGDTTLVPTGLAIHIADPSLAAMMLPRSGLGHKHGIVLGNLVGLIDSDYQGQLMISVWNRGQDSFTIQPGERIAQMIFVPVVQAEFNLVEDFDATDRGEGGFGHSGRQ,train
P34121-1,5.06,5.14,MADVSSTELKAAYDEVLADSNDTNWCLFKYEGKNKIVLSGKGSGGFAELAQEINQPSERLYAYLRVVSGDDESKRSKFVFISWCGEEVGPLAKANVSVHKASVKQVIKNIGVEVHYTVADDLNEEELMTKVRKSSGADYSGNKSTN,train
P13693-1,4.82,4.69,MIIYRDLISHDEMFSDIYKIREIADGLCLEVEGKMVSRTEGNIDDSLIGGNASAEGPEGEGTESTVITGVDIVMNHHLQETSFTKEAYKKYIKDYMKSIKGKLEEQRPERVKPFMTGAAEQIKHILANFKNYQFFIGENMNPDGMVALLDYREDGVTPYMIFFKDGLEMEKC,train
P0A6W5-1,4.81,4.56,MQAIPMTLRGAEKLREELDFLKSVRRPEIIAAIAEAREHGDLKENAEYHAAREQQGFCEGRIKDIEAKLSNAQVIDVTKMPNNGRVIFGATVTVLNLDSDEEQTYRIVGDDEADFKQNLISVNSPIARGLIGKEEDDVVVIKTPGGEVEFEVIKVEYL,train
P07148-1,5.59,6.99,MSFSGKYQLQSQENFEAFMKAIGLPEELIQKGKDIKGVSEIVQNGKHFKFTITAGSKVIQNEFTVGEECELETMTGEKVKTVVQLEGDNKLVTTFKNIKSVTELNGDIITNTMTLGDIVFKRISKRI,train
P99143-1,4.21,4.34,MEQNSYVIIDETGIHARPATMLVQTASKFDSDIQLEYNGKKVNLKSIMGVMSLGVGKDAEITIYADGSDESDAIQAISDVLSKEGLTK,train
Q13185-1,5.27,5.09,MASNKTTLQKMGKKQNGKSKKVEEAEPEEFVVEKVLDRRVVNGKVEYFLKWKGFTDADNTWEPEENLDCPELIEAFLNSQKAGKEKDGTKRKSLSDSESDDSKSKKKRDAADKPRGFARGLDPERIIGATDSSGELMFLMKWKDSDEADLVLAKEANMKCPQIVIAFYEERLTWHSCPEDEAQ,train
Q01768-1,6.9,7.29,MANLERTFIAIKPDGVQRGLVGEIIKRFEQKGFRLVAMKFLRASEEHLKQHYIDLKDRPFFPGLVKYMNSGPVVAMVWEGLNVVKTGRVMLGETNPADSKPGTIRGDFCIQVGRNIIHGSDSVESAEKEIHLWFKPEELIDYKSCAHDWVYE,train
P46527-1,6.74,6.72,MSNVRVSNGSPSLERMDARQAEHPKPSACRNLFGPVDHEELTRDLEKHCRDMEEASQRKWNFDFQNHKPLEGKYEWQEVEKGSLPEFYYRPPRPPKGACKVPAQESQDVSGSRPAAPLIGAPANSEDTHLVDPKTDPSDSQTGLAEQCAGIRKRPATDDSSTQNKRANRTEENVSDGSPNAGSVEQTPKKPGLRRRQT,train
P10599-1,4.88,4.67,MVKQIESKTAFQEALDAAGDKLVVVDFSATWCGPCKMIKPFFHSLSEKYSNVIFLEVDVDDCQDVASECEVKCMPTFQFFKKGQKVGEFSGANKEKLEATINELV,train
P12074-1,6.7,9.57,MAVVGVSSVSRLLGRSRPQLGRPMSSGAHGEEGSARMWKTLTFFVALPGVAVSMLNVYLKSHHGEHERPEFIAYPHLRIRTKPFPWGDGNHTLFHNPHVNPLPTGYEDE,train
P99065-1,4.85,4.62,MLKKDKSELTDIEYIVTQENGTEPPFMNEYWNHFAKGIYVDKISGKPLFTSEEKFHSECGWPSFSKALDDDEIIELVDKSFGMVRTEVRSEESNSHLGHVFNDGPKESGGLRYCINSAAIQFIPYEKLEELGYGDLISHFDK,train
P16045-1,5.14,5.23,MACGLVASNLNLKPGECLKVRGEVASDAKSFVLNLGKDSNNLCLHFNPRFNAHGDANTIVCNTKEDGTWGTEHREPAFPFQPGSITEVCITFDQADLTIKLPDGHEFKFPNRLNMEAINYMAADGDFKIKCVAFE,train
O75368-1,5.27,5.09,MVIRVYIASSSGSTAIKKKQQDVLGFLEANKIGFEEKDIAANEENRKWMRENVPENSRPATGYPLPPQIFNESQYRGDYDAFFEARENNAVYAFLGLTAPPGSKEAEVQAKQQA,train
P23301-1,4.71,4.65,MSDEEHTFETADAGSSATYPMQCSALRKNGFVVIKSRPCKIVDMSTSKTGKHGHAKVHLVAIDIFTGKKLEDLSPSTHNMEVPVVKRNEYQLLDIDDGFLSLMNMDGDTKDDVKAPEGELGDSLQTAFDEGKDLMVTIISAMGEEAAISFKEAARTD,train
P37016-1,5.55,6.01,MHPTQRKLMKRIILFLSLLFCIACPAIAGQDIDLVANVKNSTCKSGISNQGNIDLGVVGVGYFSGNVTPESYQPGGKEFTITVSDCALQGTGDVLNQLHIDFRALSGVMAAGSRQIFANEISSGASNVGVVIFSTQDSANTFNVLNASGGSRSVYPVMSDDMNGSSWKFSTRMQKIDPALSVTSGQLMSHVLVDIYYE,train
P29505-1,6.34,6.37,MSKIVKFLKELATPSHSMEFFHKPASNSLLDASELNFVRRNIKREDFGHEVLTGAFGTLKSPVIVESIFHSRIVACEGGDGEEHDILFHTVAEKKPTICLDCGQVFKLKHISSEGEVMYY,train
P99155-1,4.96,4.64,MSAIIEAKKQLVDEIAEVLSNSVSTVIVDYRGLTVAEVTDLRSQLREAGVEYKVYKNTMVRRAAEKAGIEGLDEFLTGPTAIATSSEDAVAAAKVISGFAKDHEALEIKSGVMEGNVITAEEVKTVGSLPSHDGLVSMLLSVLQAPVRNFAYAVKAIGEQKEENAE,train
P31949-1,6.26,6.86,MAKISSPTETERCIESLIAVFQKYAGKDGYNYTLSKTEFLSFMNTELAAFTKNQKDPGVLDRMMKKLDTNSDGQLDFSEFLNLIGGLAMACHDSFLKAVPSQKRT,train
P0A7K2-1,4.77,4.45,MSITKDQIIEAVAAMSVMDVVELISAMEEKFGVSAAAAVAVAAGPVEAAEEKTEFDVILKAAGANKVAVIKAVRGATGLGLKEAKDLVESAPAALKEGVSKDDAEALKKALEEAGAEVEVK,train
P30047-1,6.61,6.31,MPYLLISTQIRMEVGPTMVGDEQSDPELMQHLGASKRRALGNNFYEYYVDDPPRIVLDKLERRGFRVLSMTGVGQTLVWCLHKE,train
P99122-1,4.2,4.2,MAIVKVTDADFDSKVESGVQLVDFWATWCGPCKMIAPVLEELAADYEGKADILKLDVDENPSTAAKYEVMSIPTLIVFKDGQPVDKVVGFQPKENLAEVLDKHL,train
P0AGD3-1,5.49,5.73,MSFELPALPYAKDALAPHISAETIEYHYGKHHQTYVTNLNNLIKGTAFEGKSLEEIIRSSEGGVFNNAAQVWNHTFYWNCLAPNAGGEPTGKVAEAIAASFGSFADFKAQFTDAAIKNFGSGWTWLVKNSDGKLAIVSTSNAGTPLTTDATPLLTVDVWEHAYYIDYRNARPGYLEHFWALVNWEFVAKNLAA,train
P05977-1,4.98,4.84,MAPKKDVKKPAAAPAPAPAPAPAPAKPKEEKIDLSAIKIEFSKEQQEDFKEAFLLFDRTGECKITLSQVGDVLRALGTNPTNAEVKKVLGNPSNEEMNAKKIEFEQFLPMMQAISNNKDQGGYEDFVEGLRVFDKEGNGTVMGAELRHVLATLGEKMKEEEVEALLAGQEDSNGCINYEAFVKHIMSV,train
P0AEZ9-1,5.8,5.87,MSQVSTEFIPTRIAILTVSNRRGEEDDTSGHYLRDSAQEAGHHVVDKAIVKENRYAIRAQVSAWIASDDVQVVLITGGTGLTEGDQAPEALLPLFDREVEGFGEVFRMLSFEEIGTSTLQSRAVAGVANKTLIFAMPGSTKACRTAWENIIAPQLDARTRPCNFHPHLKK,train
Q7A6I1-1,4.62,4.38,MANYPQLNKEVQQGEIKVVMHTNKGDMTFKLFPNIAPKTVENFVTHAKNGYYDGITFHRVINDFMIQGGDPTATGMGGESIYGGAFEDEFSLNAFNLYGALSMANSGPNTNGSQFFIVQMKEVPQNMLSQLADGGWPQPIVDAYGEKGGTPWLDQKHTVFGQIIDGETTLEDIANTKVGPQDKPLHDVVIESIDVEE,train
P99141-1,5.75,5.75,MNFEGKLIGKDLKVAIVVSRFNDFITGRLLEGAKDTLIRHDVNEDNIDVAFVPGAFEIPLVAKKLASSGNYDAIITLGCVIRGATSHYDYVCNEVAKGVSKVNDQTNVPVIFGILTTESIEQAVERAGTKAGNKGAEAAVSAIEMANLLKSIKA,train
P0ADU2-1,5.76,6.01,MLTVIAEIRTRPGQHHRQAVLDQFAKIVPTVLKEEGCHGYAPMVDCAAGVSFQSMAPDSIVMIEQWESIAHLEAHLQTPHMKAYSEAVKGDVLEMNIRILQPGI,train
P0ABT2-1,5.55,5.88,MSTAKLVKSKATNLLYTRNDVSDSEKKATVELLNRQVIQFIDLSLITKQAHWNMRGANFIAVHEMLDGFRTALIDHLDTMAERAVQLGGVALGTTQVINSKTPLKSYPLDIHNVQDHLKELADRYAIVANDVRKAIGEAKDDDTADILTAASRDLDKFLWFIESNIE,train
P34144-1,6.56,7.42,MQAIKCVVVGDGAVGKTCLLISYTTNAFPGEYIPTVFDNYSANVMVDGKPINLGLWDTAGQEDYDRLRPLSYPQTDVFLICFSIISPSSFENVNGKWHPEICHHAPNVPIILVGTKLDMREDKETQDRLKEKKLYPISYEQGLAKMKEINAVKYLECSALTQKGLKTVFDEAIRAVINPPLSKKKKSSGGCNIL,train
P02655-1,4.54,4.5,MGTRLLPALFLVLLVLGFEVQGTQQPQQDEMPSPTFLTQVKESLSSYWESAKTAAQNLYEKTYLPAVDEKLRDLYSKSTAAMSTYTGIFTDQVLSVLKGEE,train
P22887-1,7.05,8.64,MSTNKVNKERTFLAVKPDGVARGLVGEIIARYEKKGFVLVGLKQLVPTKDLAESHYAEHKERPFFGGLVSFITSGPVVAMVFEGKGVVASARLMIGVTNPLASAPGSIRGDFGVDVGRNIIHGSDSVESANREIALWFKPEELLTEVKPNPNLYE,train
P69503-1,5.3,5.15,MTATAQQLEYLKNSIKSIQDYPKPGILFRDVTSLLEDPKAYALSIDLLVERYKNAGITKVVGTEARGFLFGAPVALGLGVGFVPVRKPGKLPRETISETYDLEYGTDQLEIHVDAIKPGDKVLVVDDLLATGGTIEATVKLIRRLGGEVADAAFIINLFDLGGEQRLEKQGITSYSLVPFPGH,train
P0A6E6-1,5.42,5.52,MAMTYHLDVVSAEQQMFSGLVEKIQVTGSEGELGIYPGHAPLLTAIKPGMIRIVKQHGHEEFIYLSGGILEVQPGNVTVLADTAIRGQDLDEARAMEAKRKAEEHISSSHGDVDYAQASAELAKAIAQLRVIELTKKAM,train
P02511-1,7.88,7.13,MDIAIHHPWIRRPFFPFHSPSRLFDQFFGEHLLESDLFPTSTSLSPFYLRPPSFLRAPSWFDTGLSEMRLEKDRFSVNLDVKHFSPEELKVKVLGDVIEVHGKHEERQDEHGFISREFHRKYRIPADVDPLTITSSLSSDGVLTVNGPRKQVSGPERTIPITREEKPAVTAAPKK,train
P99130-1,4.89,4.88,MSDIINETKSRMQKSIESLSRELANISAGRANSNLLNGVTVDYYGAPTPVQQLASINVPEARLLVISPYDKTSVADIEKAIIAANLGVNPTSDGEVIRIAVPALTEERRKERVKDVKKIGEEAKVSVRNIRRDMNDQLKKDEKNGDITEDELRSGTEDVQKATDNSIKEIDQMIADKEKDIMSV,train
P02088-1,7.29,7.44,MVHLTDAEKAAVSCLWGKVNSDEVGGEALGRLLVVYPWTQRYFDSFGDLSSASAIMGNAKVKAHGKKVITAFNDGLNHLDSLKGTFASLSELHCDKLHVDPENFRLLGNMIVIVLGHHLGKDFTPAAQAAFQKVVAGVATALAHKYH,train
P0A8X2-1,5.19,5.63,MKKSLLGLTFASLMFSAGSAVAADYKIDKEGQHAFVNFRIQHLGYSWLYGTFKDFDGTFTFDEKNPAADKVNVTINTTSVDTNHAERDKHLRSADFLNTAKYPQATFTSTSVKKDGDELDITGDLTLNGVTKPVTLEAKLIGQGDDPWGGKRAGFEAEGKIKLKDFNIKTDLGPASQEVDLIISVEGVQQK,train
P97457-1,4.73,4.64,MAPKKAKRRAGAEGSSNVFSMFDQTQIQEFKEAFTVIDQNRDGIIDKEDLRDTFAAMGRLNVKNEELDAMMKEASGPINFTVFLTMFGEKLKGADPEDVITGAFKVLDPEGKGTIKKQFLEELLTTQCDRFSQEEIKNMWAAFPPDVGGNVDYKNICYVITHGDAKDQE,train
P0AED0-1,5.17,5.0,MAYKHILIAVDLSPESKVLVEKAVSMARPYNAKVSLIHVDVNYSDLYTGLIDVNLGDMQKRISEETHHALTELSTNAGYPITETLSGSGDLGQVLVDAIKKYDMDLVVCGHHQDFWSKLMSSARQLINTVHVDMLIVPLRDEEE,train
P19536-1,5.92,8.21,MASRLLRGVGALAAQALRRTARGAAVTRSMASGGGVPTDEEQATGLEREIMIAAQKGLDPYNMLPPKAASGTKEDPNLVPSISNKRIVGCICEEDNCTVIWFWLHKGESQRCPNCGTHYKLVPHQMAH,train
P23528-1,7.29,7.89,MASGVAVSDGVIKVFNDMKVRKSSTPEEVKKRKKAVLFCLSEDKKNIILEEGKEILVGDVGQTVDDPYATFVKMLPDKDCRYALYDATYETKESKKEDLVFIFWAPESAPLKSKMIYASSKDAIKKKLTGIKHELQANCYEEVKDRCTLAEKLGGSAVISLEGKPL,train
P30086-1,7.3,7.32,MPVDLSKWSGPLSLQEVDEQPQHPLHVTYAGAAVDELGKVLTPTQVKNRPTSISWDGLDSGKLYTLVLTDPDAPSRKDPKYREWHHFLVVNMKGNDISSGTVLSDYVGSGPPKGTGLHRYVWLVYEQDRPLKCDEPILSNRSGDHRGKFKVASFRKKYELRAPVAGTCYQAEWDDYVPKLYEQLSGK,train
P99028-1,4.99,4.67,MGLEDERKMLTGSGDPKEEEEEELVDPLTTVREHCEQLEKCVKARERLELCDNRVSSRSQTEEDCTEELFDFLHARDHCVAHKLFKNLK,train
O35215-1,6.33,6.29,MPFVELETNLPASRIPAGLENRLCAATATILDKPEDRVSVTIRPGMTLLMNKSTEPCAHLLVSSIGVVGTAEQNRTHSASFFKFLTEELSLDQDRIVIRFFPLEAWQIGKKGTVMTFL,train
P0AC69-1,4.96,4.55,MSTTIEKIQRQIAENPILLYMKGSPKLPSCGFSAQAVQALAACGERFAYVDILQNPDIRAELPKYANWPTFPQLWVDGELVGGCDIVIEMYQRGELQQLIKETAAKYKSEEPDAE,train
O75347-1,5.16,5.11,MADPRVRQIKIKTGVVKRLVKEKVMYEKEAKQQEEKIEKMRAEDGENYDIKKQAEILQESRMMIPDCQRRLEAAYLDLQRILENEKDLEEAEEYKEARLVLDSVKLEA,train
P99142-1,4.86,4.93,MRTYEVMYIVRPNIEEDAKKALVERFNGILATEGAEVLEAKDWGKRRLAYEINDFKDGFYNIVRVKSDNNKATDEFQRLAKISDDIIRYMVIREDEDK,train
P00441-1,5.57,5.87,MATKAVCVLKGDGPVQGIINFEQKESNGPVKVWGSIKGLTEGLHGFHVHEFGDNTAGCTSAGPHFNPLSRKHGGPKDEERHVGDLGNVTADKDGVADVSIEDSVISLSGDHCIIGRTLVVHEKADDLGKGGNEESTKTGNAGSRLACGVIGIAQ,train
P0A7X6-1,4.68,4.44,MSKQLTAQAPVDPIVLGKMGSSYGIRGWLRVFSSTEDAESIFDYQPWFIQKAGQWQQVQLESWKHHNQDMIIKLKGVDDRDAANLLTNCEIVVDSSQLPQLEEGDYYWKDLMGCQVVTTEGYDLGKVVDMMETGSNDVLVIKANLKDAFGIKERLVPFLDGQVIKKVDLTTRSIEVDWDPGF,val
P99068-1,5.04,4.96,MERTFLMIKPDAVQRNLIGEVISRIERKGLKLVGGKLMQVPMELAETHYGEHQGKPFYNDLISFITSAPVFAMVVEGEDAVNVSRHIIGSTNPSEASPGSIRGDLGLTVGRNIIHGSDSLESAEREINLWFNENEITSYASPRDAWLYE,val
P02766-1,5.36,5.55,MASHRLLLLCLAGLVFVSEAGPTGTGESKCPLMVKVLDAVRGSPAINVAVHVFRKAADDTWEPFASGKTSESGELHGLTTEEEFVEGIYKVEIDTKSYWKALGISPFHEHAEVVFTANDSGPRRYTIAALLSPYSYSTTAVVTNPKE,val
P17742-1,7.24,7.72,MVNPTVFFDITADDEPLGRVSFELFADKVPKTAENFRALSTGEKGFGYKGSSFHRIIPGFMCQGGDFTRHNGTGGRSIYGEKFEDENFILKHTGPGILSMANAGPNTNGSQFFICTAKTEWLDGKHVVFGKVKEGMNIVEAMERFGSRNGKTSKKITISDCGQL,val
P20801-1,3.93,3.9,MTDQQAEARSYLSEEMIAEFKAAFDMFDADGGGDISVKELGTVMRMLGQTPTKEELDAIIEEVDEDGSGTIDFEEFLVMMVRQMKEDAKGKSEEELAECFRIFDRNADGYIDAEELAEIFRASGEHVTEEEIESLMKDGDKNNDGRIDFDEFLKMMEGVQ,val
P0AB26-1,5.63,6.35,MNKFLFAAALIVSGLLVGCNQLTQYTITEQEINQSLAKHNNFSKDIGLPGVADAHIVLTNLTSQIGREEPNKVTLTGDANLDMNSLFGSQKATMKLKLKALPVFDKEKGAIFLKEMEVVDATVQPEKMQTVMQTLLPYLNQALRNYFNQQPAYVLREDGSQGEAMAKKLAKGIEVKPGEIVIPFTD,val
P02489-1,6.85,5.96,MDVTIQHPWFKRTLGPFYPSRLFDQFFGEGLFEYDLLPFLSSTISPYYRQSLFRTVLDSGISEVRSDRDKFVIFLDVKHFSPEDLTVKVQDDFVEIHGKHNERQDDHGYISREFHRRYRLPSNVDQSALSCSLSADGMLTFCGPKIQTGLDATHAERAIPVSREEKPTSAPSS,val
P45578-1,5.13,5.12,MPLLDSFTVDHTRMEAPAVRVAKTMNTPHGDAITVFDLRFCVPNKEVMPERGIHTLEHLFAGFMRNHLNGNGVEIIDISPMGCRTGFYMSLIGTPDEQRVADAWKAAMEDVLKVQDQNQIPELNVYQCGTYQMHSLQEAQDIARSILERDVRINSNEELALPKEKLQELHI,val
P0AE67-1,4.95,4.74,MADKELKFLVVDDFSTMRRIVRNLLKELGFNNVEEAEDGVDALNKLQAGGYGFVISDWNMPNMDGLELLKTIRADGAMSALPVLMVTAEAKKENIIAAAQAGASGYVVKPFTAATLEEKLNKIFEKLGM,val
P20674-1,4.87,6.5,MLGAALRRCAVAATTRADPRGLLHSARTPGPAVAIQSVRCYSHGSQETDEEFDARWVTYFNKPDIDAWELRKGINTLVTYDMVPEPKIIDAALRACRRLNDFASTVRILEVVKDKAGPHKEIYPYVIQELRPTLNELGISTPEELGLDKV,val
P30046-1,6.92,7.04,MPFLELDTNLPANRVPAGLEKRLCAAAASILGKPADRVNVTVRPGLAMALSGSTEPCAQLSISSIGVVGTAEDNRSHSAHFFEFLTKELALGQDRILIRFFPLESWQIGKIGTVMTFL,val
P99126-1,4.92,4.89,MRGGGNMQQMMKQMQKMQKKMAQEQEKLKEERIVGTAGGGMVAVTVTGHKEVVDVEIKEEAVDPDDIEMLQDLVLAATNEAMNKADELTQERLGKHTQGLNIPGM,val
P35691-1,4.5,4.25,MIIYKDIFSNDELLSDAYDAKLVDDVIYEADCAMVNVGGDNIDIGANPSAEGGDDDVEEGAEMVNNVVHSFRLQQTAFDKKSFLTYIKGYMKAVKAKLQETNPEEVPKFEKGAQTYVKKVIGSFKDWEFFTGESMDPDAMVVMLNYREDGTTPFVAIWKHGIVEEKI,val
P14174-1,6.35,7.66,MPMFIVNTNVPRASVPDGFLSELTQQLAQATGKPPQYIAVHVVPDQLMAFGGSSEPCALCSLHSIGKIGGAQNRSYSKLLCGLLAERLRISPDRVYINYYDMNAANVGWNNSTFA,val
P99032-1,5.0,3.24,XDNVQDSPSXQD,val
P02656-1,4.54,5.14,MQPRVLLVVALLALLASARASEAEDASLLSFMQGYMKHATKTAKDALSSVQESQVAQQARGWVTDGFSSLKDYWSTVKDKFSEFWDLDPEVRPTSAVAA,val
P0A7F3-1,6.92,7.09,MTHDNKLQVEAIKRGTVIDHIPAQIGFKLLSLFKLTETDQRITIGLNLPSGEMGRKDLIKIENTFLSEDQVDQLALYAPQATVNRIDNYEVVGKSRPSLPERIDNVLVCPNSNCISHAEPVSSSFAVRKRANDIALKCKYCEKEFSHNVVLAN,val
P16949-1,6.74,5.8,MASSDIQVKELEKRASGQAFELILSPRSKESVPEFPLSPPKKKDLSLEEIQKKLEAAEERRKSHEAEVLKQLAEKREHEKEVLQKAIEENNNFSKMAEEKLTHKMEANKENREAQMAAKLERLREKDKHIEEVRKNKESKDPADETEAD,val
P19105-1,4.64,4.49,MSSKRTKTKTKKRPQRATSNVFAMFDQSQIQEFKEAFNMIDQNRDGFIDKEDLHDMLASLGKNPTDEYLDAMMNEAPGPINFTMFLTMFGEKLNGTDPEDVIRNAFACFDEEATGTIQEDYLRELLTTMGDRFTDEEVDELYREAPIDKKGNFNYIEFTRILKHGAKDKDD,val
P0ABD8-1,4.77,4.47,MDIRKIKKLIELVEESGISELEISEGEESVRISRAAPAASFPVMQQAYAAPMMQQPAQSNAAAPATVPSMEAPAAAEISGHIVRSPMVGTFYRTPSPDAKAFIEVGQKVNVGDTLCIVEAMKMMNQIEADKSGTVKAILVESGQPVEFDEPLVVIE,val
P15532-1,6.56,7.16,MANSERTFIAIKPDGVQRGLVGEIIKRFEQKGFRLVGLKFLQASEDLLKEHYTDLKDRPFFTGLVKYMHSGPVVAMVWEGLNVVKTGRVMLGETNPADSKPGTIRGDFCIQVGRNIIHGSDSVKSAEKEISLWFQPEELVEYKSCAQNWIYE,val
P05387-1,4.35,4.22,MRYVASYLLAALGGNSSPSAKDIKKILDSVGIEADDDRLNKVISELNGKNIEDVIAQGIGKLASVPAGGAVAVSAAPGSAAPAAGSAPAAAEEKKDEKKEESEESDDDMGFGLFD,val
P04117-1,8.43,8.35,MCDAFVGTWKLVSSENFDDYMKEVGVGFATRKVAGMAKPNMIISVNGDLVTIRSESTFKNTEISFKLGVEFDEITADDRKVKSIITLDGGALVQVQKWDGKSTTIKRKRDGDKLVVECVMKGVTSTRVYERA,val
P0AFL3-1,8.52,9.17,MFKSTLAAMAAVFALSALSPAAMAAKGDPHVLLTTSAGNIELELDKQKAPVSVQNFVDYVNSGFYNNTTFHRVIPGFMIQGGGFTEQMQQKKPNPPIKNEADNGLRNTRGTIAMARTADKDSATSQFFINVADNAFLDHGQRDFGYAVFGKVVKGMDVADKISQVPTHDVGPYQNVPSKPVVILSAKVLP,val
P99077-1,5.87,6.04,MLTMKDIIRDGHPTLRQKAAELELPLTKEEKETLIAMREFLVNSQDEEIAKRYGLRSGVGLAAPQINISKRMIAVLIPDDGSGKSYDYMLVNPKIVSHSVQEAYLPTGEGCLSVDDNVAGLVHRHNRITIKAKDIEGNDIQLRLKGYPAIVFQHEIDHLNGVMFYDHIDKNHPLQPHTDAVEV,val
P0AF93-1,5.29,5.28,MSKTIATENAPAAIGPYVQGVDLGNMIITSGQIPVNPKTGEVPADVAAQARQSLDNVKAIVEAAGLKVGDIVKTTVFVKDLNDFATVNATYEAFFTEHNATFPARSCVEVARLPKDVKIEIEAIAVRR,val
P99162-1,5.33,5.34,MVKIAIFASGSGSNFENIVEHVESGKLENIEVTALYTDHQNAFCIDRAKKHDIPVYINEPKQFDSKAAYEQHLVTLLNKDKVEWIILAGYMRLIGPDLLASFEGKILNIHPSLLPKYKGIDAIGQAYHSGDTITGSTVHYVDCGMDTGEIIEQRQCDIRPDDSKEQLEEKVKKLEYELYPSVIAKIVK,val
P0AE08-1,5.05,4.9,MSLINTKIKPFKNQAFKNGEFIEITEKDTEGRWSVFFFYPADFTFVCPTELGDVADHYEELQKLGVDVYAVSTDTHFTHKAWHSSSETIAKIKYAMIGDPTGALTRNFDNMREDEGLADRATFVVDPQGIIQAIEVTAEGIGRDASDLLRKIKAAQYVASHPGEVCPAKWKEGEATLAPSLDLVGKI,val
P29391-1,5.58,5.78,MTSQIRQNYSTEVEAAVNRLVNLHLRASYTYLSLGFFFDRDDVALEGVGHFFRELAEEKREGAERLLEFQNDRGGRALFQDVQKPSQDEWGKTQEAMEAALAMEKNLNQALLDLHALGSARTDPHLCDFLESHYLDKEVKLIKKMGNHLTNLRRVAGPQPAQTGAPQGSLGEYLFERLTLKHD,val
P77791-1,6.04,6.39,MSTEKEKMIAGELYRSADETLSRDRLRARQLIHRYNHSLAEEHTLRQQILADLFGQVTEAYIEPTFRCDYGYNIFLGNNFFANFDCVMLDVCPIRIGDNCMLAPGVHIYTATHPIDPVARNSGAELGKPVTIGNNVWIGGRAVINPGVTIGDNVVVASGAVVTKDVPDNVVVGGNPARIIKKL,val
P18760-1,6.6,7.89,MASGVAVSDGVIKVFNDMKVRKSSTPEEVKKRKKAVLFCLSEDKKNIILEEGKEILVGDVGQTVDDPYTTFVKMLPDKDCRYALYDATYETKESKKEDLVFIFWAPENAPLKSKMIYASSKDAIKKKLTGIKHELQANCYEEVKDRCTLAEKLGGSAVISLEGKPL,val
P0AES9-1,4.7,4.91,MKKVLGVILGGLLLLPVVSNAADAQKAADNKKPVNSWTCEDFLAVDESFQPTAVGFAEALNNKDKPEDAVLDVQGIATVTPAIVQACTQDKQANFKDKVKGEWDKIKKDM,val
Q96FQ6-1,6.57,6.54,MSDCYTELEKAVIVLVENFYKYVSKYSLVKNKISKSSFREMLQKELNHMLSDTGNRKAADKLIQNLDANHDGRISFDEYWTLIGGITGPIAKLIHEQEQQSSS,val
P23927-1,6.73,7.13,MDIAIHHPWIRRPFFPFHSPSRLFDQFFGEHLLESDLFSTATSLSPFYLRPPSFLRAPSWIDTGLSEMRLEKDRFSVNLDVKHFSPEELKVKVLGDVIEVHGKHEERQDEHGFISREFHRKYRIPADVDPLTITSSLSSDGVLTVNGPRKQVSGPERTIPITREEKPAVAAAPKK,test
P02652-1,4.72,6.42,MKLLAATVLLLTICSLEGALVRRQAKEPCVESLVSQYFQTVTDYGKDLMEKVKSPELQAEAKSYFEKSKEQLTPLIKKAGTELVNFLSYFVELGTQPATQ,test
P99132-1,6.05,6.33,MPIVNVKLLEGRSDEQLKNLVSEVTDAVEKTTGANRQAIHVVIEEMKPNHYGVAGVRKSDQ,test
P01591-1,4.55,4.97,MKNHLLFWGVLAVFIKAVHVKAQEDERIVLVDNKCKCARITSRIIRSSEDPNEDIVERNIRIIVPLNNRENISDPTSPLRTRFVYHLSDLCKKCDPTEVELDNQIVTATQSNICDEDSATETCYTYDRNKCYTAVVPLVYGGETKMVETALTPDACYPD,test
P02775-1,7.27,8.76,MSLRLDTTPSCNSARPLHALQVLLLLSLLLTALASSTKGQTKRNLAKGKEESLDSDLYAELRCMCIKTTSGIHPKNIQSLEVIGKGTHCNQVEVIATLKDGRKICLDPDAPRIKKIVQKKLAGDESAD,test
P0AA04-1,5.65,5.69,MFQQEVTITAPNGLHTRPAAQFVKEAKGFTSEITVTSNGKSASAKSLFKLQTLGLTQGTVVTISAEGEDEQKAVEHLVKLMAELE,test
P35700-1,6.57,7.96,MSSGNAKIGYPAPNFKATAVMPDGQFKDISLSEYKGKYVVFFFYPLDFTFVCPTEIIAFSDRADEFKKLNCQVIGASVDSHFCHLAWINTPKKQGGLGPMNIPLISDPKRTIAQDYGVLKADEGISFRGLFIIDDKGILRQITINDLPVGRSVDEIIRLVQAFQFTDKHGEVCPAGWKPGSDTIKPDVNKSKEYFSKQK,test
P51970-1,7.88,7.42,MPGIVELPTLEELKVDEVKISSAVLKAAAHHYGAQCDKPNKEFMLCRWEEKDPRRCLEEGKLVNKCALDFFRQIKRHCAEPFTEYWTCIDYTGQQLFRHCRKQQAKFDECVLDKLGWVRPDLGELSKVTKVKTDRPLPENPYHSRPRPDPSPEIEGDLQPATHGSRFYFWTK,test
P29447-1,6.09,5.91,MSKVIHVTSNEELDKYLQHQRVVVDFSAEWCGPCRAIAPVFDKLSNEFTTFTFVHVDIDKVNTHPIVKEIRSVPTFYFYVNGAKVSEFSGANEATLRSTLEANI,test
P99137-1,5.89,5.98,MGEHQNVKLNRTVKAAVLTVSDTRDFVTDKGGQCVRQLLQADDVEVSDAHYTIVKDEKVAITTQVKKWLEEDIDVIITTGGTGIAQRDVTIEAVKPLLTKEIEGFGELFRYLSYVEDVGTRALLSRAVAGTVNNKLIFSIPGSTGAVKLALEKLIKPELNHLIHELTK,test
P99094-1,4.89,4.76,MKEIVIASNNQGKINDFKVIFPDYHVIGISELIPDFDVEETGSTFEENAILKSEAAAKALNKTVIADDSGLEVFALNGEPGIYSARYAGENKSDEANIEKLLNKLGNTTDRRAQFVCVISMSGPDMETKVFKGTVSGEIADGKYGENGFGYDPIFYVPKLDKTMAQLSKEQKGQISHRRNAINLLQAFLEGEKNV,test
Q62426-1,6.58,7.13,MMCGAPSATMPATAETQEVADQVKSQLESKENQKFDVFKAISFKRQIVAGTNLFIKVDVGGDKCVHLRVFQPLPHENKPLTLSSYQTNKERHDELSYF,test
P08228-1,6.11,6.26,MAMKAVCVLKGDGPVQGTIHFEQKASGEPVVLSGQITGLTEGQHGFHVHQYGDNTQGCTSAGPHFNPHSKKHGGPADEERHVGDLGNVTAGKDGVANVSIEDRVISLSGEHSIIGRTMVVHEKQDDLGKGGNEESTKTGNAGSRLACGVIGIAQ,test
P99154-1,4.48,4.48,MANHEQIIEAIKEMSVLELNDLVKAIEEEFGVTAAAPVAVAGAAGGADAAAEKTEFDVELTSAGSSKIKVVKAVKEATGLGLKDAKELVDGAPKVIKEALPKEEAEKLKEQLEEVGATVELK,test
P31786-1,9.31,9.17,MSQAEFDKAAEEVKRLKTQPTDEEMLFIYSHFKQATVGDVNTDRPGLLDLKGKAKWDSWNKLKGTSKESAMKTYVEKVDELKKKYGI,test
P10639-1,4.93,4.65,MVKLIESKEAFQEALAAAGDKLVVVDFSATWCGPCKMIKPFFHSLCDKYSNVVFLEVDVDDCQDVAADCEVKCMPTFQFYKKGQKVGEFSGANKEKLEASITEYA,test
P12710-1,8.82,8.75,MNFSGKYQLQSQENFEPFMKAIGLPEDLIQKGKDIKGVSEIVHEGKKIKLTITYGPKVVRNEFTLGEECELETMTGEKVKAVVKLEGDNKMVTTFKGIKSVTELNGDTITNTMTLGDIVYKRVSKRI,test
P99079-1,5.89,6.11,MTLSILVAHDLQRVIGFENQLPWHLPNDLKHVKKLSTGHTLVMGRKTFESIGKPLPNRRNVVLTSDTSFNVEGVDVIHSIEDIYQLPGHVFIFGGQTLFEEMIDKVDDMYITVIEGKFRGDTFFPPYTFEDWEVASSVEGKLDEKNTIPHTFLHLIRKK,test
P68066-1,5.08,4.96,MITGIQITKAANDDLLNSFWLLDSEKGEARCIVAKAGYAEDEVVAVSKLGDIEYREVPVEVKPEVRVEGGQHLNVNVLRRETLEDAVKHPEKYPQLTIRVSGYAVRFNSLTPEQQRDVIARTFTESL,test
P60660-1,4.4,4.4,MCDFTEDQTAEFKEAFQLFDRTGDGKILYSQCGDVMRALGQNPTNAEVLKVLGNPKSDEMNVKVLDFEHFLPMLQTVAKNKDQGTYEDYVEGLRVFDKEGNGTVMGAEIRHVLVTLGEKMTEEEVEMLVAGHEDSNGCINYEAFVRHILSG,test
P99089-1,5.07,5.01,MNLIPTVIETTNRGERAYDIYSRLLKDRIIMLGSQIDDNVANSIVSQLLFLQAQDSEKDIYLYINSPGGSVTAGFAIYDTIQHIKPDVQTICIGMAASMGSFLLAAGAKGKRFALPNAEVMIHQPLGGAQGQATEIEIAANHILKTREKLNRILSERTGQSIEKIQKDTDRDNFLTAEEAKEYGLIDEVMVPETK,test
P0AA25-1,4.81,4.51,MSDKIIHLTDDSFDTDVLKADGAILVDFWAEWCGPCKMIAPILDEIADEYQGKLTVAKLNIDQNPGTAPKYGIRGIPTLLLFKNGEVAATKVGALSKGQLKEFLDANLA,test
P02358-1,5.31,4.78,MRHYEIVFMVHPDQSEQVPGMIERYTAAITGAEGKIHRLEDWGRRQLAYPINKLHKAHYVLMNVEAPQEVIDELETTFRFNDAVIRSMVMRTKHAVTEASPMVKAKDERRERRDDFANETADDAEAGDSEEEEEE,test
P0A6D7-1,5.26,5.14,MAEKRNIFLVGPMGAGKSTIGRQLAQQLNMEFYDSDQEIEKRTGADVGWVFDLEGEEGFRDREEKVINELTEKQGIVLATGGGSVKSRETRNRLSARGVVVYLETTIEKQLARTQRDKKRPLLHVETPPREVLEALANERNPLYEEIADVTIRTDDQSAKVVANQIIHMLESN,test
P13412-1,8.34,8.5,MGDEEKRNRAITARRQHLKSVMLQIAATELEKEESRRESEKENYLSEHCPPLHIPGSMSEVQELCKQLHAKIDVAEEEKYDMEVKVQKSSKELEDMNQKLFDLRGKFKRPPLRRVRMSADAMLKALLGSKHKVCMDLRANLKQVKKEDTEKERDLRDVGDWRKNIEEKSGMEGRKKMFESES,test
P0A805-1,6.16,6.65,MISDIRKDAEVRMDKCVEAFKTQISKIRTGRASPSLLDGIVVEYYGTPTPLRQLASVTVEDSRTLKINVFDRSMSPAVEKAIMASDLGLNPNSAGSDIRVPLPPLTEERRKDLTKIVRGEAEQARVAVRNVRRDANDKVKALLKDKEISEDDDRRSQDDVQKLTDAAIKKIEAALADKEAELMQF,test
P99085-1,4.95,4.92,MHNDLKEVLLTEEDIQNICKELGAQLTKDYQGKPLVCVGILKGSAMFMSDLIKRIDTHLSIDFMDVSSYHGGTESTGEVQIIKDLGSSIENKDVLIIEDILETGTTLKSITELLQSRKVNSLEIVTLLDKPNRRKADIEAKYVGKKIPDEFVVGYGLDYRELYRNLPYIGTLKPEVYSN,test
P34760-1,4.97,4.89,MVAQVQKQAPTFKKTAVVDGVFDEVSLDKYKGKYVVLAFIPLAFTFVCPTEIIAFSEAAKKFEEQGAQVLFASTDSEYSLLAWTNIPRKEGGLGPINIPLLADTNHSLSRDYGVLIEEEGVALRGLFIIDPKGVIRHITINDLPVGRNVDEALRLVEAFQWTDKNGTVLPCNWTPGAATIKPTVEDSKEYFEAANK,test
P60857-1,4.29,4.36,MFKKLFGKGKEVQKDIAIYAPLTGEYVKIEDIPDPVFAQKMMGEGFGINPTEGEVVSPIAGRVDNVFPTKHAIGLKADNGLELLVHIGLDTVQLDGEGFEVLVSSGDEVNVGDPLVRFNLEFINNNAKSVISPIIITNTDQAASINIYDENAVIKGETKVIDVTMN,test
P0ABQ4-1,5.01,4.7,MISLIAALAVDRVIGMENAMPWNLPADLAWFKRNTLNKPVIMGRHTWESIGRPLPGRKNIILSSQPGTDDRVTWVKSVDEAIAACGDVPEIMVIGGGRVYEQFLPKAQKLYLTHIDAEVEGDTHFPDYEPDDWESVFSEFHDADAQNSHSYCFEILERR,test
Q7A4V3-1,4.18,4.18,MAVNLYDYANQLEQALRESEEYKAIKEAFANVKANEESKKLFDEFRETQINFQQKQMQGEEIAEEDLQKAQEQAQAIEKDENISALMNAEQKMSQVFQEINQIIVKPLDEIYAD,test
Q99WJ2-1,4.84,4.84,MADITVVNDTGELYNVINQKKSEGYLESELTIISKSKLHLNDLHDSEISLISTSGTFSDRMTKLLTGEDGEHAVLSRYNLAPDELEKYKQLILDDKMLVVAVRDKSSHKEVQEHNSAYEEIDITHFAEASKGPKA,test
P00894-1,8.11,8.68,MRRILSVLLENESGALSRVIGLFSQRGYNIESLTVAPTDDPTLSRMTIQTVGDEKVLEQIEKQLHKLVDVLRVSELGQGAHVEREIMLVKIQASGYGRDEVKRNTEIFRGQIIDVTPSLYTVQLAGTSGKLDAFLASIRDVAKIVEVARSGVVGLSRGDKIMR,test
